Plot_Name,Plot_Side,Limpet_No,SL_mm,Tag_ID
CNM_1,R,1,54,0
CNM_1,R,2,53,0
CNM_1,R,3,56,D006
CNM_1,R,4,66,0
CNM_1,R,5,54,0
CNM_1,R,6,48,0
CNM_1,R,7,62,0
CNM_1,R,8,62,0
CNM_1,R,9,54,0
CNM_1,R,10,49,0
CNM_1,R,11,42,0
CNM_1,R,12,49,0
CNM_1,R,13,48,0
CNM_1,R,14,51,0
CNM_1,R,15,56,0
CNM_1,R,16,42,0
CNM_1,R,17,44,0
CNM_1,R,18,50,0
CNM_1,R,19,49,0
CNM_1,R,20,24,0
CNM_1,R,21,26,0
CNM_1,R,22,44,0
CNM_1,R,23,43,0
CNM_1,R,24,48,0
CNM_1,R,25,54,D002
CNM_1,R,26,20,0
CNM_1,R,27,24,0
CNM_1,R,28,61,0
CNM_1,R,29,68,0
CNM_1,R,30,23,0
CNM_1,R,31,44,0
CNM_1,R,32,21,0
CNM_1,R,33,23,0
CNM_1,R,34,46,0
CNM_1,R,35,24,0
CNM_1,R,36,21,0
CNM_1,R,37,20,0
CNM_1,R,38,24,0
CNM_1,R,39,23,0
CNM_1,R,40,23,0
CNM_1,R,41,21,0
CNM_1,R,42,65,0
CNM_1,R,43,48,0
CNM_1,R,44,56,0
CNM_1,R,45,47,0
CNM_1,R,46,60,0
CNM_1,R,47,59,0
CNM_1,R,48,59,0
CNM_1,R,49,44,D007
CNM_1,R,50,54,0
CNM_1,R,51,60,0
CNM_1,R,52,56,0
CNM_1,R,53,52,0
CNM_1,R,54,69,0
CNM_1,R,55,61,0
CNM_1,R,56,63,0
CNM_1,R,57,50,0
CNM_1,R,58,55,0
CNM_1,R,59,50,0
CNM_1,R,60,60,D003
CNM_1,R,61,55,0
CNM_1,R,62,72,0
CNM_1,R,63,54,0
CNM_1,R,64,52,0
CNM_1,R,65,47,0
CNM_1,R,66,60,0
CNM_1,R,67,45,0
CNM_1,R,68,58,0
CNM_1,R,69,65,0
CNM_1,R,70,58,0
CNM_1,R,71,77,0
CNM_1,R,72,55,0
CNM_1,R,73,63,0
CNM_1,R,74,62,0
CNM_1,R,75,65,D008
CNM_1,R,76,57,0
CNM_1,R,77,63,D004
CNM_1,R,78,60,0
CNM_1,R,79,61,0
CNM_1,R,80,52,0
CNM_1,R,81,45,0
CNM_1,R,82,47,0
CNM_1,R,83,38,0
CNM_1,R,84,55,0
CNM_1,R,85,42,0
CNM_1,R,86,58,0
CNM_1,R,87,45,0
CNM_1,R,88,40,0
CNM_1,R,89,58,0
CNM_1,R,90,50,0
CNM_1,R,91,42,0
CNM_1,R,92,40,0
CNM_1,R,93,50,0
CNM_1,R,94,42,0
CNM_1,R,95,62,D009
CNM_1,R,96,35,0
CNM_1,R,97,50,D010
CNM_1,R,98,58,0
CNM_1,R,99,60,0
CNM_1,R,100,39,0
CNM_1,R,101,51,0
CNM_1,R,102,65,0
CNM_1,R,103,50,0
CNM_1,R,104,54,0
CNM_1,R,105,52,0
CNM_1,R,106,26,0
CNM_1,R,107,27,D011
CNM_1,R,108,43,0
CNM_1,R,109,51,0
CNM_1,R,110,44,0
CNM_1,R,111,41,0
CNM_1,R,112,52,0
CNM_1,R,113,29,0
CNM_1,R,114,25,0
CNM_1,R,115,59,0
CNM_1,R,116,23,0
CNM_1,R,117,21,0
CNM_1,L,118,60,D005
CNM_1,L,119,30,0
CNM_1,L,120,24,0
CNM_1,L,121,23,0
CNM_1,L,122,25,0
CNM_1,L,123,22,0
CNM_1,L,124,22,0
CNM_1,L,125,21,0
CNM_1,L,126,22,0
CNM_1,L,127,23,0
CNM_1,L,128,19,0
CNM_1,L,129,24,0
CNM_1,L,130,25,0
CNM_1,L,131,30,0
CNM_1,L,132,29,0
CNM_1,L,133,28,0
CNM_1,L,134,25,0
CNM_1,L,135,23,0
CNM_1,L,136,24,D012
CNM_1,L,137,21,0
CNM_1,L,138,24,0
CNM_1,L,139,22,0
CNM_1,L,140,45,0
CNM_1,L,141,25,0
CNM_1,L,142,25,0
CNM_1,L,143,21,0
CNM_1,L,144,25,0
CNM_1,L,145,24,0
CNM_1,L,146,21,0
CNM_1,L,147,22,0
CNM_1,L,148,26,0
CNM_1,L,149,24,0
CNM_1,L,150,26,0
CNM_1,L,151,19,0
CNM_1,L,152,25,0
CNM_1,L,153,53,0
CNM_1,L,154,19,0
CNM_1,L,155,18,0
CNM_1,L,156,20,0
CNM_1,L,157,23,0
CNM_1,L,158,16,0
CNM_1,L,159,22,0
CNM_1,L,160,19,0
CNM_1,L,161,19,0
CNM_1,L,162,18,0
CNM_1,L,163,18,0
CNM_1,L,164,22,0
CNM_1,L,165,18,0
CNM_1,L,166,51,0
CNM_1,L,167,18,0
CNM_1,L,168,17,0
CNM_1,L,169,18,0
CNM_1,L,170,19,0
CNM_1,L,171,58,D013
CNM_1,L,172,49,0
CNM_1,L,173,49,0
CNM_1,L,174,25,0
CNM_1,L,175,23,0
CNM_1,L,176,24,0
CNM_1,L,177,70,0
CNM_1,L,178,58,0
CNM_1,L,179,59,0
CNM_1,L,180,54,0
CNM_1,L,181,55,0
CNM_1,L,182,55,0
CNM_1,L,183,39,0
CNM_1,L,184,50,0
CNM_1,L,185,56,0
CNM_1,L,186,26,0
CNM_1,L,187,24,0
CNM_1,L,188,25,D014
CNM_1,L,189,59,0
CNM_1,L,190,54,0
CNM_1,L,191,45,0
CNM_1,L,192,39,0
CNM_1,L,193,45,D015
CNM_1,L,194,17,0
CNM_1,L,195,22,0
CNM_1,L,196,22,0
CNM_1,L,197,19,0
CNM_1,L,198,24,0
CNM_1,L,199,21,0
CNM_1,L,200,24,0
CNM_1,L,201,22,0
CNM_1,L,202,23,0
CNM_1,L,203,51,0
CNM_1,L,204,47,D017
CNM_1,L,205,24,D018
CNM_1,L,206,58,0
CNM_1,L,207,43,0
CNM_1,L,208,48,D019
CNM_1,L,209,49,0
CNM_1,L,210,38,0
CNM_1,L,211,19,0
CNM_1,L,212,20,0
CNM_1,L,213,17,0
CNM_1,L,214,18,0
CNM_1,L,215,19,0
CNM_1,L,216,18,0
CNM_1,L,217,18,0
CNM_1,L,218,19,0
CNM_1,L,219,19,D020
CNM_1,L,220,17,0
CNM_1,L,221,20,D021
CNM_1,L,222,18,0
CNM_1,L,223,20,0
CNM_1,L,224,21,0
CNM_1,L,225,20,0
CNM_1,L,226,20,0
CNM_1,L,227,18,0
CNM_1,L,228,19,0
CNM_1,L,229,17,0
CNM_1,L,230,17,0
CNM_1,L,231,22,0
CNM_1,L,232,54,D022
CNM_2,R,1,71,0
CNM_2,R,2,67,0
CNM_2,R,3,56,0
CNM_2,R,4,64,0
CNM_2,R,5,71,0
CNM_2,R,6,64,0
CNM_2,R,7,62,0
CNM_2,R,8,56,0
CNM_2,R,9,69,0
CNM_2,R,10,52,0
CNM_2,R,11,50,0
CNM_2,R,12,48,0
CNM_2,R,13,56,0
CNM_2,R,14,65,0
CNM_2,R,15,53,0
CNM_2,R,16,57,0
CNM_2,R,17,73,0
CNM_2,R,18,53,0
CNM_2,R,19,55,0
CNM_2,R,20,58,0
CNM_2,R,21,62,0
CNM_2,R,22,64,0
CNM_2,R,23,59,0
CNM_2,R,24,51,0
CNM_2,R,25,58,0
CNM_2,R,26,64,0
CNM_2,R,27,65,D023
CNM_2,R,28,63,D028
CNM_2,R,29,62,0
CNM_2,R,30,57,0
CNM_2,R,31,62,0
CNM_2,R,32,58,0
CNM_2,R,33,62,0
CNM_2,R,34,53,0
CNM_2,R,35,54,0
CNM_2,R,36,55,0
CNM_2,R,37,52,0
CNM_2,R,38,63,0
CNM_2,R,39,56,0
CNM_2,R,40,53,0
CNM_2,R,41,52,0
CNM_2,R,42,49,0
CNM_2,R,43,56,0
CNM_2,R,44,52,0
CNM_2,R,45,50,0
CNM_2,R,46,55,0
CNM_2,R,47,43,0
CNM_2,R,48,58,0
CNM_2,R,49,50,0
CNM_2,R,50,43,0
CNM_2,R,51,59,0
CNM_2,R,52,46,0
CNM_2,R,53,60,0
CNM_2,R,54,55,0
CNM_2,R,55,56,0
CNM_2,R,56,56,0
CNM_2,R,57,60,0
CNM_2,R,58,66,0
CNM_2,R,59,56,0
CNM_2,R,60,63,0
CNM_2,R,61,57,0
CNM_2,R,62,56,0
CNM_2,R,63,49,0
CNM_2,R,64,48,0
CNM_2,R,65,56,0
CNM_2,R,66,49,0
CNM_2,R,67,37,0
CNM_2,R,68,37,D029
CNM_2,R,69,60,0
CNM_2,R,70,59,0
CNM_2,R,71,59,0
CNM_2,R,72,56,0
CNM_2,R,73,61,0
CNM_2,R,74,61,0
CNM_2,R,75,56,0
CNM_2,R,76,62,0
CNM_2,R,77,60,0
CNM_2,R,78,42,0
CNM_2,R,79,50,0
CNM_2,R,80,64,0
CNM_2,R,81,48,0
CNM_2,R,82,53,0
CNM_2,R,83,63,0
CNM_2,R,84,45,0
CNM_2,R,85,60,0
CNM_2,R,86,56,0
CNM_2,R,87,65,0
CNM_2,R,88,76,0
CNM_2,R,89,53,D027
CNM_2,R,90,64,0
CNM_2,R,91,65,0
CNM_2,R,92,71,0
CNM_2,R,93,66,D031
CNM_2,R,94,69,0
CNM_2,R,95,52,0
CNM_2,R,96,55,0
CNM_2,R,97,61,0
CNM_2,R,98,39,0
CNM_2,R,99,44,0
CNM_2,R,100,55,0
CNM_2,R,101,41,0
CNM_2,R,102,49,0
CNM_2,R,103,44,0
CNM_2,R,104,42,D032
CNM_2,R,105,42,0
CNM_2,R,106,53,0
CNM_2,R,107,61,0
CNM_2,R,108,58,0
CNM_2,R,109,48,0
CNM_2,R,110,52,0
CNM_2,R,111,50,0
CNM_2,R,112,41,0
CNM_2,R,113,54,0
CNM_2,R,114,54,0
CNM_2,R,115,56,0
CNM_2,R,116,53,0
CNM_2,R,117,51,0
CNM_2,R,118,52,0
CNM_2,R,119,48,0
CNM_2,R,120,43,0
CNM_2,R,121,40,0
CNM_2,R,122,46,0
CNM_2,R,123,48,0
CNM_2,R,124,49,0
CNM_2,R,125,49,0
CNM_2,R,126,53,0
CNM_2,R,127,41,0
CNM_2,R,128,54,0
CNM_2,R,129,33,0
CNM_2,R,130,57,0
CNM_2,R,131,48,0
CNM_2,R,132,50,0
CNM_2,R,133,47,0
CNM_2,R,134,55,0
CNM_2,R,135,51,0
CNM_2,R,136,58,D033
CNM_2,R,137,55,0
CNM_2,R,138,63,0
CNM_2,R,139,57,0
CNM_2,R,140,61,0
CNM_2,R,141,65,0
CNM_2,R,142,52,0
CNM_2,R,143,74,0
CNM_2,R,144,57,0
CNM_2,R,145,60,0
CNM_2,R,146,51,0
CNM_2,R,147,67,0
CNM_2,R,148,39,0
CNM_2,R,149,67,0
CNM_2,R,150,54,0
CNM_2,R,151,61,0
CNM_2,R,152,63,0
CNM_2,R,153,66,0
CNM_2,R,154,67,0
CNM_2,R,155,59,D034
CNM_2,R,156,61,0
CNM_2,R,157,65,D026
CNM_2,R,158,60,0
CNM_2,R,159,23,0
CNM_2,R,160,18,0
CNM_2,R,161,25,0
CNM_2,R,162,69,D035
CNM_2,R,163,45,0
CNM_2,R,164,48,0
CNM_2,L,165,47,0
CNM_2,L,166,46,0
CNM_2,L,167,37,0
CNM_2,L,168,55,0
CNM_2,L,169,58,0
CNM_2,L,170,54,0
CNM_2,L,171,44,0
CNM_2,L,172,59,0
CNM_2,L,173,48,0
CNM_2,L,174,23,0
CNM_2,L,175,23,0
CNM_2,L,176,23,0
CNM_2,L,177,21,0
CNM_2,L,178,23,0
CNM_2,L,179,56,0
CNM_2,L,180,41,0
CNM_2,L,181,59,0
CNM_2,L,182,39,0
CNM_2,L,183,50,0
CNM_2,L,184,57,0
CNM_2,L,185,22,0
CNM_2,L,186,25,0
CNM_2,L,187,25,0
CNM_2,L,188,23,D037
CNM_2,L,189,55,D025
CNM_2,L,190,23,0
CNM_2,L,191,21,0
CNM_2,L,192,24,0
CNM_2,L,193,23,0
CNM_2,L,194,26,0
CNM_2,L,195,23,0
CNM_2,L,196,49,0
CNM_2,L,197,45,0
CNM_2,L,198,53,D038
CNM_2,L,199,54,0
CNM_2,L,200,46,0
CNM_2,L,201,51,0
CNM_2,L,202,54,0
CNM_2,L,203,56,0
CNM_2,L,204,62,0
CNM_2,L,205,59,0
CNM_2,L,206,71,0
CNM_2,L,207,61,0
CNM_2,L,208,65,0
CNM_2,L,209,67,0
CNM_2,L,210,59,0
CNM_2,L,211,25,0
CNM_2,L,212,36,0
CNM_2,L,213,24,0
CNM_2,L,214,56,0
CNM_2,L,215,71,0
CNM_2,L,216,45,0
CNM_2,L,217,64,0
CNM_2,L,218,54,0
CNM_2,L,219,58,0
CNM_2,L,220,49,0
CNM_2,L,221,65,0
CNM_2,L,222,50,0
CNM_2,L,223,47,0
CNM_2,L,224,54,0
CNM_2,L,225,52,0
CNM_2,L,226,57,0
CNM_2,L,227,59,D039
CNM_2,L,228,64,0
CNM_2,L,229,50,0
CNM_2,L,230,46,0
CNM_2,L,231,57,0
CNM_2,L,232,52,0
CNM_2,L,233,55,0
CNM_2,L,234,69,0
CNM_2,L,235,54,0
CNM_2,L,236,37,0
CNM_2,L,237,55,0
CNM_2,L,238,61,0
CNM_2,L,239,37,D040
CNM_2,L,240,58,0
CNM_2,L,241,53,0
CNM_2,L,242,48,0
CNM_2,L,243,43,0
CNM_2,L,244,46,0
CNM_2,L,245,57,0
CNM_2,L,246,40,0
CNM_2,L,247,43,0
CNM_2,L,248,55,0
CNM_2,L,249,58,0
CNM_2,L,250,47,0
CNM_2,L,251,39,0
CNM_2,L,252,41,0
CNM_2,L,253,62,0
CNM_2,L,254,51,0
CNM_2,L,255,43,0
CNM_2,L,256,50,0
CNM_2,L,257,33,0
CNM_2,L,258,59,0
CNM_2,L,259,23,0
CNM_2,L,260,48,0
CNM_2,L,261,51,D041
CNM_2,L,262,52,0
CNM_2,L,263,49,0
CNM_2,L,264,48,0
CNM_2,L,265,44,0
CNM_2,L,266,52,0
CNM_2,L,267,51,0
CNM_2,L,268,59,0
CNM_2,L,269,48,0
CNM_2,L,270,50,0
CNM_2,L,271,61,0
CNM_2,L,272,47,0
CNM_2,L,273,52,0
CNM_2,L,274,40,D042
CNM_2,L,275,22,0
CNM_2,L,276,21,0
CNM_2,L,277,21,0
CNM_2,L,278,24,0
CNM_2,L,279,22,0
CNM_2,L,280,21,0
CNM_2,L,281,20,0
CNM_2,L,282,23,0
CNM_2,L,283,20,0
CNM_2,L,284,23,0
CNM_2,L,285,27,0
CNM_2,L,286,22,0
CNM_2,L,287,20,0
CNM_2,L,288,21,0
CNM_2,L,289,20,0
CNM_2,L,290,27,0
CNM_2,L,291,20,0
CNM_2,L,292,23,0
CNM_2,L,293,24,0
CNM_2,L,294,22,0
CNM_2,L,295,22,0
CNM_2,L,296,22,0
CNM_2,L,297,22,0
CNM_2,L,298,22,0
CNM_2,L,299,24,0
CNM_2,L,300,27,0
CNM_2,L,301,24,0
CNM_2,L,302,26,0
CNM_2,L,303,24,0
CNM_2,L,304,25,0
CNM_2,L,305,26,0
CNM_2,L,306,22,0
CNM_2,L,307,52,0
CNM_2,L,308,22,0
CNM_2,L,309,20,0
CNM_2,L,310,24,0
CNM_2,L,311,21,0
CNM_2,L,312,21,0
CNM_2,L,313,23,0
CNM_2,L,314,24,0
CNM_2,L,315,20,0
CNM_2,L,316,22,0
CNM_2,L,317,23,0
CNM_2,L,318,25,0
CNM_2,L,319,18,0
CNM_2,L,320,24,0
CNM_2,L,321,25,0
CNM_2,L,322,23,0
CNM_2,L,323,21,0
CNM_2,L,324,23,0
CNM_2,L,325,25,0
CNM_2,L,326,26,0
CNM_2,L,327,60,D063
CNM_2,L,328,19,0
CNM_2,L,329,19,0
CNM_2,L,330,22,0
CNM_2,L,331,22,0
CNM_2,L,332,24,0
CNM_2,L,333,33,0
CNM_2,L,334,21,0
CNM_2,L,335,20,0
CNM_2,L,336,22,0
CNM_2,L,337,21,0
CNM_2,L,338,20,0
CNM_2,L,339,18,0
CNM_2,L,340,20,0
CNM_2,L,341,55,0
CNM_2,L,342,44,0
CNM_2,L,343,59,0
CNM_2,L,344,43,0
CNM_2,L,345,37,0
CNM_2,L,346,40,0
CNM_2,L,347,38,0
CNM_2,L,348,65,0
CNM_2,L,349,53,0
CNM_2,L,350,53,0
CNM_2,L,351,50,0
CNM_2,L,352,45,0
CNM_2,L,353,22,0
CNM_2,L,354,23,0
CNM_2,L,355,25,0
CNM_2,L,356,19,0
CNM_2,L,357,25,0
CNM_2,L,358,46,0
CNM_2,L,359,48,0
CNM_2,L,360,22,0
CNM_2,L,361,23,0
CNM_2,L,362,23,0
CNM_2,L,363,24,0
CNM_2,L,364,24,0
CNM_2,L,365,22,0
CNM_2,L,366,58,0
CNM_2,L,367,54,0
CNM_2,L,368,42,0
CNM_2,L,369,48,0
CNM_2,L,370,51,0
CNM_2,L,371,54,0
CNM_2,L,372,56,0
CNM_2,L,373,57,0
CNM_2,L,374,64,0
CNM_2,L,375,67,0
CNM_2,L,376,57,0
CNM_2,L,377,67,0
CNM_2,L,378,58,0
CNM_2,L,379,50,0
CNM_2,L,380,45,0
CNM_2,L,381,48,0
CNM_2,L,382,58,0
CNM_2,L,383,52,0
CNM_3,R,1,74,D062
CNM_3,R,2,73,0
CNM_3,R,3,58,0
CNM_3,R,4,64,0
CNM_3,R,5,62,0
CNM_3,R,6,70,0
CNM_3,R,7,50,0
CNM_3,R,8,44,0
CNM_3,R,9,47,0
CNM_3,R,10,45,0
CNM_3,R,11,48,0
CNM_3,R,12,35,0
CNM_3,R,13,48,0
CNM_3,R,14,52,0
CNM_3,R,15,46,0
CNM_3,R,16,44,0
CNM_3,R,17,42,0
CNM_3,R,18,51,0
CNM_3,R,19,52,0
CNM_3,R,20,51,0
CNM_3,R,21,43,0
CNM_3,R,22,38,0
CNM_3,R,23,25,0
CNM_3,R,24,68,0
CNM_3,R,25,38,0
CNM_3,R,26,52,0
CNM_3,R,27,47,0
CNM_3,R,28,46,0
CNM_3,R,29,51,0
CNM_3,R,30,56,0
CNM_3,R,31,44,0
CNM_3,R,32,28,0
CNM_3,R,33,46,0
CNM_3,R,34,44,0
CNM_3,R,35,45,0
CNM_3,R,36,44,0
CNM_3,R,37,45,0
CNM_3,R,38,50,0
CNM_3,R,39,44,0
CNM_3,R,40,58,0
CNM_3,R,41,55,0
CNM_3,R,42,56,0
CNM_3,R,43,54,0
CNM_3,R,44,49,0
CNM_3,R,45,58,0
CNM_3,R,46,71,0
CNM_3,R,47,50,0
CNM_3,R,48,53,0
CNM_3,R,49,54,0
CNM_3,R,50,56,0
CNM_3,R,51,58,0
CNM_3,R,52,41,0
CNM_3,R,53,34,0
CNM_3,R,54,49,0
CNM_3,R,55,52,0
CNM_3,R,56,28,0
CNM_3,R,57,24,0
CNM_3,R,58,35,0
CNM_3,R,59,53,0
CNM_3,R,60,51,0
CNM_3,R,61,35,0
CNM_3,R,62,50,0
CNM_3,R,63,67,0
CNM_3,R,64,35,0
CNM_3,R,65,58,0
CNM_3,R,66,64,0
CNM_3,R,67,49,0
CNM_3,R,68,58,0
CNM_3,R,69,65,0
CNM_3,R,70,55,0
CNM_3,R,71,68,0
CNM_3,R,72,52,0
CNM_3,R,73,52,0
CNM_3,R,74,67,D090
CNM_3,R,75,59,0
CNM_3,R,76,38,0
CNM_3,R,77,37,0
CNM_3,R,78,44,0
CNM_3,R,79,49,0
CNM_3,R,80,41,0
CNM_3,R,81,44,0
CNM_3,R,82,47,0
CNM_3,R,83,44,0
CNM_3,R,84,49,0
CNM_3,R,85,44,0
CNM_3,R,86,53,0
CNM_3,R,87,55,0
CNM_3,R,88,50,0
CNM_3,R,89,49,0
CNM_3,R,90,43,0
CNM_3,R,91,46,0
CNM_3,R,92,46,0
CNM_3,R,93,41,0
CNM_3,R,94,51,0
CNM_3,R,95,45,0
CNM_3,R,96,44,0
CNM_3,R,97,50,0
CNM_3,R,98,51,0
CNM_3,R,99,47,0
CNM_3,R,100,51,0
CNM_3,R,101,61,0
CNM_3,R,102,56,0
CNM_3,R,103,55,0
CNM_3,R,104,53,0
CNM_3,R,105,50,0
CNM_3,R,106,53,0
CNM_3,R,107,24,0
CNM_3,R,108,61,0
CNM_3,R,109,58,0
CNM_3,R,110,52,0
CNM_3,R,111,51,0
CNM_3,R,112,53,0
CNM_3,R,113,52,0
CNM_3,R,114,56,0
CNM_3,R,115,55,0
CNM_3,R,116,58,0
CNM_3,R,117,60,0
CNM_3,R,118,54,0
CNM_3,R,119,50,0
CNM_3,R,120,45,0
CNM_3,R,121,57,0
CNM_3,R,122,33,0
CNM_3,R,123,35,0
CNM_3,R,124,44,0
CNM_3,R,125,38,0
CNM_3,R,126,56,0
CNM_3,R,127,50,0
CNM_3,R,128,45,0
CNM_3,R,129,41,0
CNM_3,R,130,42,D046
CNM_3,R,131,49,0
CNM_3,R,132,56,0
CNM_3,R,133,53,0
CNM_3,R,134,57,0
CNM_3,R,135,52,0
CNM_3,R,136,60,0
CNM_3,R,137,59,0
CNM_3,R,138,53,0
CNM_3,R,139,54,0
CNM_3,R,140,59,0
CNM_3,R,141,66,D048
CNM_3,R,142,53,0
CNM_3,R,143,50,0
CNM_3,R,144,57,0
CNM_3,R,145,55,0
CNM_3,R,146,58,0
CNM_3,R,147,62,0
CNM_3,R,148,55,0
CNM_3,R,149,53,0
CNM_3,R,150,48,0
CNM_3,R,151,55,0
CNM_3,R,152,62,0
CNM_3,R,153,56,0
CNM_3,R,154,50,0
CNM_3,R,155,54,0
CNM_3,R,156,53,0
CNM_3,R,157,58,0
CNM_3,R,158,54,0
CNM_3,R,159,52,0
CNM_3,R,160,54,0
CNM_3,R,161,54,0
CNM_3,R,162,48,0
CNM_3,R,163,68,D050
CNM_3,R,164,53,0
CNM_3,R,165,50,0
CNM_3,R,166,63,0
CNM_3,R,167,56,0
CNM_3,R,168,48,0
CNM_3,R,169,66,0
CNM_3,R,170,65,0
CNM_3,R,171,42,0
CNM_3,R,172,40,0
CNM_3,R,173,48,0
CNM_3,R,174,63,0
CNM_3,L,175,61,D052
CNM_3,L,176,49,0
CNM_3,L,177,48,0
CNM_3,L,178,51,0
CNM_3,L,179,46,0
CNM_3,L,180,45,0
CNM_3,L,181,45,D051
CNM_3,L,182,48,0
CNM_3,L,183,50,0
CNM_3,L,184,58,0
CNM_3,L,185,48,0
CNM_3,L,186,51,0
CNM_3,L,187,53,0
CNM_3,L,188,56,0
CNM_3,L,189,58,0
CNM_3,L,190,51,D045
CNM_3,L,191,54,0
CNM_3,L,192,46,0
CNM_3,L,193,50,0
CNM_3,L,194,43,0
CNM_3,L,195,44,0
CNM_3,L,196,49,0
CNM_3,L,197,50,0
CNM_3,L,198,53,D043
CNM_3,L,199,40,0
CNM_3,L,200,51,0
CNM_3,L,201,38,0
CNM_3,L,202,51,0
CNM_3,L,203,36,0
CNM_3,L,204,24,0
CNM_3,L,205,54,0
CNM_3,L,206,47,0
CNM_3,L,207,49,0
CNM_3,L,208,48,0
CNM_3,L,209,46,0
CNM_3,L,210,58,0
CNM_3,L,211,57,0
CNM_3,L,212,55,0
CNM_3,L,213,55,D047
CNM_3,L,214,66,0
CNM_3,L,215,53,0
CNM_3,L,216,34,0
CNM_3,L,217,47,0
CNM_3,L,218,55,0
CNM_3,L,219,56,0
CNM_3,L,220,66,0
CNM_3,L,221,54,0
CNM_3,L,222,54,0
CNM_3,L,223,58,0
CNM_3,L,224,63,0
CNM_3,L,225,55,0
CNM_3,L,226,46,0
CNM_3,L,227,56,D044
CNM_3,L,228,54,0
CNM_3,L,229,53,0
CNM_3,L,230,53,0
CNM_3,L,231,23,0
CNM_3,L,232,21,0
CNM_3,L,233,23,0
CNM_3,L,234,20,0
CNM_3,L,235,21,0
CNM_3,L,236,23,0
CNM_3,L,237,21,0
CNM_3,L,238,21,0
CNM_3,L,239,21,0
CNM_3,L,240,48,0
CNM_3,L,241,22,0
CNM_3,L,242,22,0
CNM_3,L,243,23,0
CNM_3,L,244,23,0
CNM_3,L,245,23,0
CNM_3,L,246,21,0
CNM_3,L,247,20,0
CNM_3,L,248,21,0
CNM_3,L,249,50,0
CNM_3,L,250,48,0
CNM_3,L,251,43,0
CNM_3,L,252,51,0
CNM_3,L,253,33,0
CNM_3,L,254,48,0
CNM_3,L,255,33,0
CNM_3,L,256,48,0
CNM_3,L,257,33,0
CNM_3,L,258,41,0
CNM_3,L,259,51,0
CNM_3,L,260,50,0
CNM_3,L,261,30,0
CNM_3,L,262,48,0
CNM_3,L,263,48,0
CNM_3,L,264,46,0
CNM_3,L,265,55,0
CNM_3,L,266,41,0
CNM_3,L,267,49,0
CNM_3,L,268,43,0
CNM_3,L,269,48,0
CNM_3,L,270,50,0
CNM_3,L,271,35,0
CNM_3,L,272,46,0
CNM_3,L,273,52,D059
CNM_3,L,274,50,0
CNM_3,L,275,49,0
CNM_3,L,276,44,0
CNM_3,L,277,31,0
CNM_3,L,278,66,D060
CNM_3,L,279,47,0
CNM_3,L,280,50,0
CNM_3,L,281,53,0
CNM_3,L,282,45,0
CNM_3,L,283,43,0
CNM_3,L,284,38,0
CNM_3,L,285,40,0
CNM_3,L,286,50,0
CNM_3,L,287,40,0
CNM_3,L,288,46,0
CNM_3,L,289,43,0
CNM_3,L,290,47,0
CNM_3,L,291,46,0
CNM_3,L,292,40,0
CNM_3,L,293,39,0
CNM_3,L,294,47,0
CNM_3,L,295,46,0
CNM_3,L,296,52,0
CNM_3,L,297,51,0
CNM_3,L,298,61,0
CNM_3,L,299,60,D053
CNM_3,L,300,61,0
CNM_3,L,301,57,0
CNM_3,L,302,50,0
CNM_3,L,303,44,0
CNM_3,L,304,58,0
CNM_3,L,305,45,0
CNM_3,L,306,52,0
CNM_3,L,307,46,0
CNM_3,L,308,56,0
CNM_3,L,309,62,0
CNM_3,L,310,54,0
CNM_3,L,311,52,D061
CNM_3,L,312,56,0
CNM_3,L,313,55,0
CNM_3,L,314,46,0
CNM_3,L,315,37,0
CNM_3,L,316,42,0
CNM_3,L,317,52,0
CNM_3,L,318,41,0
CNM_3,L,319,58,0
CNM_3,L,320,50,0
CNM_3,L,321,60,0
CNM_3,L,322,59,0
CNM_3,L,323,55,D058
CNM_3,L,324,44,0
CNM_3,L,325,39,0
CNM_3,L,326,57,0
CNM_3,L,327,60,0
CNM_3,L,328,51,0
CNM_3,L,329,26,0
CNM_3,L,330,45,0
CNM_3,L,331,22,0
CNM_3,L,332,55,0
CNM_3,L,333,62,0
CNM_3,L,334,63,0
CNM_3,L,335,61,0
CNM_3,L,336,57,0
CNM_3,L,337,48,0
CNM_3,L,338,54,0
CNM_3,L,339,37,D054
CNM_3,L,340,60,0
CNM_3,L,341,64,0
CNM_3,L,342,66,0
CNM_3,L,343,39,0
CNM_3,L,344,53,0
CNM_3,L,345,50,0
CNM_3,L,346,58,D055
CNM_3,L,347,62,0
CNM_3,L,348,64,0
CNM_3,L,349,64,0
CNM_3,L,350,63,0
CNM_3,L,351,25,0
CNM_3,L,352,27,0
CNM_3,L,353,53,0
CNM_3,L,354,50,0
CNM_3,L,355,68,D057
CNM_3,L,356,53,0
CNM_3,L,357,54,0
CNM_3,L,358,23,0
CNM_3,L,359,21,0
CNM_3,L,360,65,0
CNM_3,L,361,64,0
CNM_3,L,362,26,0
CNM_3,L,363,23,0
CNM_3,L,364,24,D056
CNM_3,L,365,17,0
CNM_3,L,366,20,0
CNM_3,L,367,68,0
CNM_3,L,368,71,0
CNM_3,L,369,50,0
CNM_3,L,370,71,0
CNM_3,L,371,65,0
CNM_3,L,372,67,0
CNM_3,L,373,50,0
CNM_3,L,374,51,0
CNM_3,L,375,45,0
CNM_3,L,376,46,0
CNM_3,L,377,44,0
CNM_3,L,378,43,0
CNM_3,L,379,22,0
CNM_3,L,380,19,0
CNM_3,L,381,21,0
CNM_3,L,382,19,0
CNM_3,L,383,21,0
CNM_3,L,384,19,0
CNM_3,L,385,20,0
CNM_3,L,386,17,0
CNM_3,L,387,23,0
CNM_3,L,388,22,0
CNM_3,L,389,20,0
CNM_3,L,390,20,0
CNM_3,L,391,20,0
CNM_3,L,392,20,0
CNM_3,L,393,50,0
CNM_3,L,394,21,0
CNM_3,L,395,19,0
CNM_3,L,396,26,0
CNM_3,L,397,22,0
CNM_3,L,398,28,0
CNM_3,L,399,23,0
CNM_3,L,400,17,0
CNM_3,L,401,22,0
CNM_4,R,1,38,0
CNM_4,R,2,50,0
CNM_4,R,3,44,0
CNM_4,R,4,50,0
CNM_4,R,5,49,0
CNM_4,R,6,53,0
CNM_4,R,7,45,0
CNM_4,R,8,45,0
CNM_4,R,9,54,0
CNM_4,R,10,54,0
CNM_4,R,11,46,0
CNM_4,R,12,41,0
CNM_4,R,13,47,0
CNM_4,R,14,45,0
CNM_4,R,15,43,0
CNM_4,R,16,32,0
CNM_4,R,17,40,0
CNM_4,R,18,48,0
CNM_4,R,19,50,0
CNM_4,R,20,50,0
CNM_4,R,21,46,0
CNM_4,R,22,36,0
CNM_4,R,23,41,0
CNM_4,R,24,48,0
CNM_4,R,25,46,0
CNM_4,R,26,52,0
CNM_4,R,27,50,0
CNM_4,R,28,46,0
CNM_4,R,29,22,0
CNM_4,R,30,54,D068
CNM_4,R,31,49,0
CNM_4,R,32,55,0
CNM_4,R,33,54,0
CNM_4,R,34,55,0
CNM_4,R,35,47,0
CNM_4,R,36,49,0
CNM_4,R,37,56,0
CNM_4,R,38,60,0
CNM_4,R,39,18,0
CNM_4,R,40,39,0
CNM_4,R,41,52,0
CNM_4,R,42,48,0
CNM_4,R,43,41,0
CNM_4,R,44,36,0
CNM_4,R,45,58,0
CNM_4,R,46,60,0
CNM_4,R,47,69,0
CNM_4,R,48,59,0
CNM_4,R,49,41,0
CNM_4,R,50,51,0
CNM_4,R,51,37,0
CNM_4,R,52,65,0
CNM_4,R,53,61,0
CNM_4,R,54,34,0
CNM_4,R,55,54,0
CNM_4,R,56,57,D085
CNM_4,R,57,61,0
CNM_4,R,58,50,0
CNM_4,R,59,49,0
CNM_4,R,60,59,0
CNM_4,R,61,49,0
CNM_4,R,62,47,0
CNM_4,R,63,66,0
CNM_4,R,64,63,0
CNM_4,R,65,56,0
CNM_4,R,66,58,0
CNM_4,R,67,59,0
CNM_4,R,68,64,0
CNM_4,R,69,67,0
CNM_4,R,70,51,0
CNM_4,R,71,53,0
CNM_4,R,72,66,0
CNM_4,R,73,64,0
CNM_4,R,74,64,0
CNM_4,R,75,66,0
CNM_4,R,76,66,0
CNM_4,R,77,68,0
CNM_4,R,78,47,0
CNM_4,R,79,63,0
CNM_4,R,80,47,0
CNM_4,R,81,65,0
CNM_4,R,82,56,0
CNM_4,R,83,68,0
CNM_4,R,84,19,0
CNM_4,R,85,21,0
CNM_4,R,86,54,0
CNM_4,R,87,49,0
CNM_4,R,88,47,0
CNM_4,R,89,57,0
CNM_4,R,90,63,0
CNM_4,R,91,36,0
CNM_4,R,92,20,0
CNM_4,R,93,21,0
CNM_4,R,94,59,0
CNM_4,R,95,51,0
CNM_4,R,96,55,0
CNM_4,R,97,51,0
CNM_4,R,98,52,D072
CNM_4,R,99,52,0
CNM_4,R,100,49,0
CNM_4,R,101,53,0
CNM_4,R,102,51,0
CNM_4,R,103,50,0
CNM_4,R,104,40,0
CNM_4,R,105,53,0
CNM_4,R,106,70,0
CNM_4,R,107,51,0
CNM_4,R,108,45,0
CNM_4,R,109,38,0
CNM_4,R,110,34,0
CNM_4,R,111,45,0
CNM_4,R,112,52,0
CNM_4,R,113,66,0
CNM_4,R,114,65,0
CNM_4,R,115,49,0
CNM_4,R,116,24,0
CNM_4,R,117,23,0
CNM_4,R,118,51,0
CNM_4,R,119,50,0
CNM_4,R,120,69,0
CNM_4,R,121,72,0
CNM_4,R,122,58,0
CNM_4,R,123,57,0
CNM_4,R,124,20,0
CNM_4,R,125,51,0
CNM_4,R,126,62,0
CNM_4,R,127,66,0
CNM_4,R,128,72,0
CNM_4,R,129,58,0
CNM_4,R,130,55,0
CNM_4,R,131,55,D073
CNM_4,R,132,66,0
CNM_4,R,133,54,0
CNM_4,R,134,74,0
CNM_4,R,135,25,0
CNM_4,R,136,23,0
CNM_4,R,137,48,0
CNM_4,R,138,57,0
CNM_4,R,139,59,0
CNM_4,R,140,59,0
CNM_4,R,141,56,D077
CNM_4,R,142,52,0
CNM_4,R,143,59,0
CNM_4,R,144,55,0
CNM_4,R,145,66,0
CNM_4,R,146,63,0
CNM_4,R,147,63,D076
CNM_4,R,148,60,0
CNM_4,R,149,40,0
CNM_4,R,150,56,0
CNM_4,R,151,50,0
CNM_4,R,152,33,0
CNM_4,R,153,70,0
CNM_4,R,154,55,0
CNM_4,R,155,57,0
CNM_4,R,156,59,0
CNM_4,R,157,57,0
CNM_4,R,158,54,0
CNM_4,R,159,52,0
CNM_4,R,160,60,0
CNM_4,R,161,35,0
CNM_4,R,162,48,0
CNM_4,R,163,54,0
CNM_4,R,164,58,0
CNM_4,R,165,60,0
CNM_4,R,166,31,0
CNM_4,R,167,55,D074
CNM_4,R,168,61,0
CNM_4,R,169,60,D075
CNM_4,R,170,63,D089
CNM_4,R,171,60,0
CNM_4,R,172,56,0
CNM_4,R,173,54,0
CNM_4,R,174,68,0
CNM_4,R,175,55,0
CNM_4,R,176,70,0
CNM_4,R,177,61,0
CNM_4,R,178,64,0
CNM_4,L,179,22,0
CNM_4,L,180,62,0
CNM_4,L,181,63,0
CNM_4,L,182,55,0
CNM_4,L,183,43,0
CNM_4,L,184,35,0
CNM_4,L,185,56,D078
CNM_4,L,186,48,0
CNM_4,L,187,54,0
CNM_4,L,188,54,0
CNM_4,L,189,36,0
CNM_4,L,190,27,0
CNM_4,L,191,31,0
CNM_4,L,192,61,D075
CNM_4,L,193,56,0
CNM_4,L,194,60,0
CNM_4,L,195,57,0
CNM_4,L,196,44,0
CNM_4,L,197,43,0
CNM_4,L,198,51,0
CNM_4,L,199,44,0
CNM_4,L,200,38,0
CNM_4,L,201,50,0
CNM_4,L,202,49,0
CNM_4,L,203,56,0
CNM_4,L,204,54,0
CNM_4,L,205,51,0
CNM_4,L,206,46,0
CNM_4,L,207,63,0
CNM_4,L,208,48,0
CNM_4,L,209,59,0
CNM_4,L,210,59,D088
CNM_4,L,211,40,0
CNM_4,L,212,52,0
CNM_4,L,213,37,0
CNM_4,L,214,24,D079
CNM_4,L,215,23,0
CNM_4,L,216,26,0
CNM_4,L,217,21,0
CNM_4,L,218,24,0
CNM_4,L,219,24,0
CNM_4,L,220,23,0
CNM_4,L,221,24,0
CNM_4,L,222,21,0
CNM_4,L,223,23,0
CNM_4,L,224,21,0
CNM_4,L,225,22,0
CNM_4,L,226,21,0
CNM_4,L,227,40,0
CNM_4,L,228,40,0
CNM_4,L,229,41,0
CNM_4,L,230,56,0
CNM_4,L,231,40,0
CNM_4,L,232,48,0
CNM_4,L,233,52,0
CNM_4,L,234,53,0
CNM_4,L,235,57,0
CNM_4,L,236,53,0
CNM_4,L,237,50,0
CNM_4,L,238,57,0
CNM_4,L,239,43,0
CNM_4,L,240,56,0
CNM_4,L,241,53,0
CNM_4,L,242,50,0
CNM_4,L,243,54,0
CNM_4,L,244,40,0
CNM_4,L,245,41,0
CNM_4,L,246,46,0
CNM_4,L,247,43,0
CNM_4,L,248,40,0
CNM_4,L,249,56,0
CNM_4,L,250,23,0
CNM_4,L,251,47,0
CNM_4,L,252,48,0
CNM_4,L,253,49,0
CNM_4,L,254,54,0
CNM_4,L,255,23,0
CNM_4,L,256,38,0
CNM_4,L,257,47,0
CNM_4,L,258,48,0
CNM_4,L,259,54,0
CNM_4,L,260,30,0
CNM_4,L,261,55,0
CNM_4,L,262,37,0
CNM_4,L,263,36,0
CNM_4,L,264,35,0
CNM_4,L,265,36,0
CNM_4,L,266,49,0
CNM_4,L,267,47,0
CNM_4,L,268,50,0
CNM_4,L,269,48,0
CNM_4,L,270,42,0
CNM_4,L,271,24,0
CNM_4,L,272,23,0
CNM_4,L,273,23,0
CNM_4,L,274,17,0
CNM_4,L,275,56,0
CNM_4,L,276,43,0
CNM_4,L,277,40,0
CNM_4,L,278,50,0
CNM_4,L,279,43,0
CNM_4,L,280,42,0
CNM_4,L,281,41,0
CNM_4,L,282,21,0
CNM_4,L,283,47,0
CNM_4,L,284,33,0
CNM_4,L,285,40,0
CNM_4,L,286,26,0
CNM_4,L,287,47,0
CNM_4,L,288,46,0
CNM_4,L,289,46,0
CNM_4,L,290,50,0
CNM_4,L,291,26,0
CNM_4,L,292,72,0
CNM_4,L,293,22,0
CNM_4,L,294,21,0
CNM_4,L,295,21,0
CNM_4,L,296,23,0
CNM_4,L,297,27,0
CNM_4,L,298,20,0
CNM_4,L,299,23,0
CNM_4,L,300,25,0
CNM_4,L,301,22,0
CNM_4,L,302,22,0
CNM_4,L,303,21,0
CNM_4,L,304,35,0
CNM_4,L,305,51,0
CNM_4,L,306,35,0
CNM_4,L,307,43,0
CNM_4,L,308,54,0
CNM_4,L,309,42,0
CNM_4,L,310,37,0
CNM_4,L,311,33,0
CNM_4,L,312,50,0
CNM_4,L,313,46,0
CNM_4,L,314,42,0
CNM_4,L,315,44,0
CNM_4,L,316,45,0
CNM_4,L,317,27,0
CNM_4,L,318,39,0
CNM_4,L,319,46,0
CNM_4,L,320,42,0
CNM_4,L,321,46,0
CNM_4,L,322,53,0
CNM_4,L,323,50,0
CNM_4,L,324,49,0
CNM_4,L,325,52,0
CNM_4,L,326,44,0
CNM_4,L,327,44,0
CNM_4,L,328,49,0
CNM_4,L,329,42,0
CNM_4,L,330,50,0
CNM_4,L,331,48,0
CNM_4,L,332,52,0
CNM_4,L,333,46,0
CNM_4,L,334,56,0
CNM_4,L,335,60,0
CNM_4,L,336,51,0
CNM_4,L,337,62,0
CNM_4,L,338,53,0
CNM_4,L,339,53,D080
CNM_4,L,340,57,0
CNM_4,L,341,51,0
CNM_4,L,342,53,0
CNM_4,L,343,51,0
CNM_4,L,344,52,0
CNM_4,L,345,49,0
CNM_4,L,346,49,0
CNM_4,L,347,58,0
CNM_4,L,348,43,0
CNM_4,L,349,45,0
CNM_4,L,350,50,0
CNM_4,L,351,54,0
CNM_4,L,352,40,0
CNM_4,L,353,53,0
CNM_4,L,354,49,0
CNM_4,L,355,21,0
CNM_4,L,356,22,0
CNM_4,L,357,19,0
CNM_4,L,358,23,0
CNM_4,L,359,22,0
CNM_4,L,360,23,0
CNM_4,L,361,21,0
CNM_4,L,362,20,0
CNM_4,L,363,20,0
CNM_4,L,364,17,0
CNM_4,L,365,23,0
CNM_4,L,366,47,0
CNM_4,L,367,43,0
CNM_4,L,368,54,0
CNM_4,L,369,57,0
CNM_4,L,370,53,0
CNM_4,L,371,40,0
CNM_4,L,372,55,0
CNM_4,L,373,58,0
CNM_4,L,374,46,0
CNM_4,L,375,51,0
CNM_4,L,376,43,0
CNM_4,L,377,44,0
CNM_4,L,378,52,0
CNM_4,L,379,26,0
CNM_4,L,380,23,0
CNM_4,L,381,16,0
CNM_4,L,382,19,0
CNM_4,L,383,15,0
CNM_4,L,384,23,0
CNM_4,L,385,20,0
CNM_4,L,386,39,0
CNM_4,L,387,46,0
CNM_4,L,388,43,0
CNM_4,L,389,45,0
CNM_4,L,390,55,0
CNM_4,L,391,26,0
CNM_4,L,392,30,0
CNM_4,L,393,63,0
CNM_4,L,394,55,0
CNM_4,L,395,24,0
CNM_4,L,396,20,0
CNM_4,L,397,23,0
CNM_4,L,398,23,0
CNM_4,L,399,22,0
CNM_4,L,400,52,D086
CNM_4,L,401,54,0
CNM_4,L,402,50,0
CNM_4,L,403,53,0
CNM_4,L,404,54,D081
CNM_4,L,405,50,D083
CNM_4,L,406,26,D082
CNM_4,L,407,25,D084
CNM_4,L,408,46,D114
CNM_4,L,409,61,D092
CNM_4,L,410,23,0
CNM_4,L,411,25,0
CNM_4,L,412,24,0
CNM_4,L,413,23,0
CNM_4,L,414,24,0
CNM_4,L,415,23,0
CNM_4,L,416,24,0
CNM_4,L,417,20,0
CNM_4,L,418,23,0
CNM_4,L,419,25,0
CNM_4,L,420,21,0
CNM_4,L,421,26,0
CNM_4,L,422,23,0
CNM_4,L,423,17,0
CNM_4,L,424,39,0
CNM_4,L,425,20,0
CNM_4,L,426,20,0
CNM_4,L,427,22,0
CNM_4,L,428,46,0
CNM_4,L,429,50,0
CNM_5,R,1,66,0
CNM_5,R,2,50,0
CNM_5,R,3,43,0
CNM_5,R,4,65,0
CNM_5,R,5,23,0
CNM_5,R,6,54,0
CNM_5,R,7,68,0
CNM_5,R,8,64,0
CNM_5,R,9,69,0
CNM_5,R,10,56,0
CNM_5,R,11,71,0
CNM_5,R,12,20,0
CNM_5,R,13,22,0
CNM_5,R,14,64,0
CNM_5,R,15,71,0
CNM_5,R,16,66,0
CNM_5,R,17,31,0
CNM_5,R,18,65,0
CNM_5,R,19,64,0
CNM_5,R,20,33,0
CNM_5,R,21,44,0
CNM_5,R,22,70,0
CNM_5,R,23,59,0
CNM_5,R,24,33,0
CNM_5,R,25,29,0
CNM_5,R,26,30,0
CNM_5,R,27,38,0
CNM_5,R,28,66,0
CNM_5,R,29,54,0
CNM_5,R,30,43,0
CNM_5,R,31,54,0
CNM_5,R,32,57,0
CNM_5,R,33,64,0
CNM_5,R,34,57,0
CNM_5,R,35,55,0
CNM_5,R,36,48,0
CNM_5,R,37,54,0
CNM_5,R,38,59,0
CNM_5,R,39,71,0
CNM_5,R,40,70,0
CNM_5,R,41,50,0
CNM_5,R,42,29,0
CNM_5,R,43,66,D107
CNM_5,R,44,30,0
CNM_5,R,45,25,0
CNM_5,R,46,24,0
CNM_5,R,47,20,0
CNM_5,R,48,53,0
CNM_5,R,49,26,0
CNM_5,R,50,43,0
CNM_5,R,51,73,0
CNM_5,R,52,56,D106
CNM_5,R,53,65,0
CNM_5,R,54,60,0
CNM_5,R,55,25,0
CNM_5,R,56,26,0
CNM_5,R,57,22,0
CNM_5,R,58,24,0
CNM_5,R,59,26,0
CNM_5,R,60,27,0
CNM_5,R,61,32,0
CNM_5,R,62,18,0
CNM_5,R,63,23,0
CNM_5,R,64,61,D105
CNM_5,R,65,59,D103
CNM_5,R,66,27,D108
CNM_5,R,67,25,0
CNM_5,R,68,56,0
CNM_5,R,69,68,0
CNM_5,R,70,55,0
CNM_5,R,71,60,0
CNM_5,R,72,53,0
CNM_5,R,73,64,0
CNM_5,R,74,64,0
CNM_5,R,75,58,0
CNM_5,R,76,59,0
CNM_5,R,77,40,0
CNM_5,R,78,61,0
CNM_5,R,79,55,0
CNM_5,R,80,28,0
CNM_5,R,81,25,0
CNM_5,R,82,23,0
CNM_5,R,83,20,0
CNM_5,R,84,20,0
CNM_5,R,85,19,0
CNM_5,R,86,19,0
CNM_5,R,87,22,0
CNM_5,R,88,55,0
CNM_5,R,89,56,0
CNM_5,R,90,25,0
CNM_5,R,91,23,0
CNM_5,R,92,44,0
CNM_5,R,93,53,D111
CNM_5,R,94,47,0
CNM_5,R,95,27,D102
CNM_5,R,96,26,0
CNM_5,R,97,29,0
CNM_5,R,98,59,0
CNM_5,R,99,60,D101
CNM_5,R,100,25,0
CNM_5,R,101,21,0
CNM_5,R,102,24,0
CNM_5,R,103,20,0
CNM_5,R,104,58,0
CNM_5,R,105,51,0
CNM_5,R,106,56,0
CNM_5,R,107,65,0
CNM_5,R,108,68,D099
CNM_5,R,109,47,0
CNM_5,R,110,42,0
CNM_5,R,111,49,0
CNM_5,R,112,71,0
CNM_5,R,113,52,0
CNM_5,R,114,67,D109
CNM_5,R,115,56,0
CNM_5,R,116,27,D110
CNM_5,R,117,53,0
CNM_5,R,118,28,0
CNM_5,R,119,18,0
CNM_5,R,120,22,0
CNM_5,R,121,20,0
CNM_5,R,122,23,0
CNM_5,R,123,49,0
CNM_5,R,124,53,0
CNM_5,R,125,24,0
CNM_5,R,126,22,0
CNM_5,R,127,17,0
CNM_5,R,128,26,0
CNM_5,R,129,20,0
CNM_5,R,130,18,0
CNM_5,R,131,20,0
CNM_5,R,132,21,0
CNM_5,R,133,17,0
CNM_5,R,134,22,0
CNM_5,R,135,21,0
CNM_5,R,136,20,0
CNM_5,R,137,20,0
CNM_5,R,138,21,0
CNM_5,R,139,20,0
CNM_5,R,140,20,0
CNM_5,R,141,22,0
CNM_5,R,142,21,0
CNM_5,R,143,20,0
CNM_5,R,144,21,0
CNM_5,R,145,15,0
CNM_5,R,146,21,0
CNM_5,R,147,20,0
CNM_5,R,148,18,0
CNM_5,R,149,22,0
CNM_5,R,150,18,0
CNM_5,R,151,47,0
CNM_5,R,152,53,0
CNM_5,R,153,58,0
CNM_5,R,154,23,0
CNM_5,R,155,22,0
CNM_5,R,156,19,0
CNM_5,R,157,22,0
CNM_5,L,158,20,0
CNM_5,L,159,20,0
CNM_5,L,160,19,0
CNM_5,L,161,21,0
CNM_5,L,162,20,0
CNM_5,L,163,36,0
CNM_5,L,164,23,0
CNM_5,L,165,20,D100
CNM_5,L,166,20,0
CNM_5,L,167,21,0
CNM_5,L,168,19,0
CNM_5,L,169,18,0
CNM_5,L,170,16,0
CNM_5,L,171,15,0
CNM_5,L,172,21,0
CNM_5,L,173,19,0
CNM_5,L,174,25,0
CNM_5,L,175,20,0
CNM_5,L,176,23,0
CNM_5,L,177,26,0
CNM_5,L,178,23,0
CNM_5,L,179,21,0
CNM_5,L,180,52,0
CNM_5,L,181,26,0
CNM_5,L,182,21,0
CNM_5,L,183,26,0
CNM_5,L,184,24,0
CNM_5,L,185,29,D112
CNM_5,L,186,19,0
CNM_5,L,187,18,0
CNM_5,L,188,25,0
CNM_5,L,189,24,0
CNM_5,L,190,19,0
CNM_5,L,191,40,0
CNM_5,L,192,59,D104
CNM_5,L,193,24,0
CNM_5,L,194,26,0
CNM_5,L,195,43,0
CNM_5,L,196,43,0
CNM_5,L,197,46,0
CNM_5,L,198,53,0
CNM_5,L,199,45,0
CNM_5,L,200,59,0
CNM_5,L,201,34,0
CNM_5,L,202,41,0
CNM_5,L,203,23,0
CNM_5,L,204,35,0
CNM_5,L,205,63,D113
CNM_5,L,206,64,0
CNM_5,L,207,41,0
CNM_5,L,208,26,0
CNM_5,L,209,21,0
CNM_5,L,210,40,0
CNM_5,L,211,52,D096
CNM_5,L,212,55,0
CNM_5,L,213,30,0
CNM_5,L,214,55,0
CNM_5,L,215,55,D097
CNM_5,L,216,61,D094
CNM_5,L,217,38,0
CNM_5,L,218,21,0
CNM_5,L,219,60,0
CNM_5,L,220,56,0
CNM_5,L,221,23,0
CNM_5,L,222,22,0
CNM_5,L,223,29,D098
CNM_5,L,224,68,D093
CNM_6,R,1,21,0
CNM_6,R,2,31,0
CNM_6,R,3,32,0
CNM_6,R,4,45,0
CNM_6,R,5,27,0
CNM_6,R,6,37,0
CNM_6,R,7,33,D140
CNM_6,R,8,38,D142
CNM_6,R,9,33,0
CNM_6,R,10,55,D144
CNM_6,R,11,55,D146
CNM_6,R,12,62,D153
CNM_6,R,13,43,D148
CNM_6,R,14,71,D152
CNM_6,R,15,63,D149
CNM_6,R,16,55,D145
CNM_6,R,17,31,0
CNM_6,R,18,41,0
CNM_6,L,19,48,D150
CNM_6,L,20,70,D151
CNM_6,L,21,41,0
CNM_6,L,22,56,D154
CNM_6,L,23,36,0
CNM_6,L,24,58,0
CNM_6,L,25,27,0
CNM_6,L,26,39,D147
CNM_6,L,27,50,D143
CNM_6,L,28,25,0
CNM_6,L,29,35,D155
CNM_6,L,30,47,D141
CNM_6,L,31,42,0
CNM_6,L,32,25,0
CNM_6,L,33,21,0
CNM_6,L,34,25,0
CNM_6,L,35,34,D138
CNM_6,L,36,23,0
CNM_6,L,37,38,D139
CNM_6,L,38,37,0
CNM_6,L,39,28,D137
CNM_6,L,40,25,0
CNM_6,L,41,26,0
CNM_6,L,42,28,D136
CNM_6,L,43,26,0
CNM_6,L,44,23,0
CNM_6,L,45,24,0
CNM_6,L,46,25,0
CNM_6,L,47,29,0
CNM_6,L,48,30,D135
CNM_7,R,1,29,D134
CNM_7,R,2,27,0
CNM_7,R,3,29,0
CNM_7,R,4,25,0
CNM_7,R,5,25,0
CNM_7,R,6,24,0
CNM_7,R,7,26,0
CNM_7,R,8,72,D133
CNM_7,R,9,53,0
CNM_7,R,10,61,0
CNM_7,R,11,42,0
CNM_7,R,12,54,0
CNM_7,R,13,58,0
CNM_7,R,14,54,0
CNM_7,R,15,69,0
CNM_7,R,16,21,0
CNM_7,R,17,24,0
CNM_7,R,18,27,0
CNM_7,R,19,57,0
CNM_7,R,20,59,0
CNM_7,R,21,49,0
CNM_7,R,22,66,0
CNM_7,R,23,53,0
CNM_7,R,24,54,0
CNM_7,R,25,26,0
CNM_7,R,26,20,0
CNM_7,R,27,23,0
CNM_7,R,28,27,0
CNM_7,R,29,23,0
CNM_7,R,30,23,0
CNM_7,R,31,60,0
CNM_7,R,32,61,0
CNM_7,R,33,45,0
CNM_7,R,34,49,0
CNM_7,R,35,19,0
CNM_7,R,36,49,0
CNM_7,R,37,41,0
CNM_7,R,38,39,0
CNM_7,R,39,28,0
CNM_7,R,40,25,0
CNM_7,R,41,22,0
CNM_7,R,42,26,0
CNM_7,R,43,26,D115
CNM_7,R,44,27,0
CNM_7,R,45,28,0
CNM_7,R,46,51,D123
CNM_7,R,47,57,D124
CNM_7,R,48,39,0
CNM_7,R,49,31,D116
CNM_7,R,50,51,0
CNM_7,R,51,16,0
CNM_7,R,52,24,0
CNM_7,R,53,26,0
CNM_7,R,54,29,D122
CNM_7,R,55,28,0
CNM_7,R,56,25,0
CNM_7,R,57,29,0
CNM_7,R,58,31,0
CNM_7,R,59,24,0
CNM_7,R,60,24,0
CNM_7,R,61,30,0
CNM_7,R,62,31,0
CNM_7,R,63,36,0
CNM_7,R,64,26,0
CNM_7,R,65,27,0
CNM_7,R,66,27,0
CNM_7,R,67,29,0
CNM_7,R,68,67,D132
CNM_7,R,69,35,0
CNM_7,R,70,25,0
CNM_7,R,71,56,D117
CNM_7,R,72,22,0
CNM_7,R,73,47,D126
CNM_7,R,74,29,D130
CNM_7,R,75,25,0
CNM_7,R,76,30,0
CNM_7,R,77,27,0
CNM_7,R,78,25,0
CNM_7,R,79,29,0
CNM_7,R,80,26,0
CNM_7,R,81,29,0
CNM_7,R,82,50,D129
CNM_7,R,83,32,0
CNM_7,R,84,29,0
CNM_7,R,85,55,D118
CNM_7,R,86,38,0
CNM_7,L,87,35,0
CNM_7,L,88,58,0
CNM_7,L,89,32,D120
CNM_7,L,90,28,0
CNM_7,L,91,28,D119
CNM_7,L,92,28,0
CNM_7,L,93,29,0
CNM_7,L,94,27,0
CNM_7,L,95,25,0
CNM_7,L,96,27,0
CNM_7,L,97,28,0
CNM_7,L,98,39,D131
CNM_7,L,99,31,0
CNM_7,L,100,23,0
CNM_7,L,101,23,D128
CNM_7,L,102,31,0
CNM_7,L,103,27,0
CNM_7,L,104,28,0
CNM_7,L,105,28,0
CNM_7,L,106,28,0
CNM_7,L,107,30,D121
CNM_7,L,108,33,D127
CNM_7,L,109,21,0
CNM_7,L,110,21,0
CNM_7,L,111,24,0
CNM_7,L,112,25,0
CNM_7,L,113,26,0
CNM_7,L,114,15,0
CNM_7,L,115,26,0
CNM_7,L,116,23,0
CNM_7,L,117,24,0
CNM_7,L,118,25,0
CNM_7,L,119,20,0
CNM_7,L,120,25,0
CNM_7,L,121,20,0
CNM_7,L,122,21,0
CNM_7,L,123,21,0
CNM_7,L,124,27,0
CNM_7,L,125,17,0
CNM_7,L,126,19,0
CNM_7,L,127,15,0
CNM_7,L,128,15,0
CNM_7,L,129,16,0
CNM_7,L,130,17,0
CNM_7,L,131,21,0
CNM_7,L,132,23,0
CNM_7,L,133,23,0
CNM_7,L,134,23,0
CNM_7,L,135,24,0
CNM_7,L,136,23,0
CNM_7,L,137,21,0
CNM_7,L,138,27,0
CNM_7,L,139,25,0
CNM_7,L,140,16,0
CNM_7,L,141,28,D125
CNM_7,L,142,38,0
CNM_7,L,143,22,0
CNM_7,L,144,18,0
CNM_7,L,145,29,0
CNM_7,L,146,29,0
CNM_7,L,147,47,0
CNM_7,L,148,16,0
CNM_7,L,149,16,0
CNM_7,L,150,16,0
CNM_7,L,151,15,0
CNM_7,L,152,21,0
CNM_7,L,153,23,0
CNM_7,L,154,21,0
CNM_7,L,155,23,0
CNM_7,L,156,20,0
CNM_7,L,157,23,0
CNM_7,L,158,22,0
CNM_7,L,159,16,0
CNM_7,L,160,22,0
CNM_7,L,161,18,0
CNM_7,L,162,68,0
CNM_7,L,163,21,0
CNM_7,L,164,41,0
CNM_7,L,165,17,0
